,diagnostics_Versions_PyRadiomics,diagnostics_Versions_Numpy,diagnostics_Versions_SimpleITK,diagnostics_Versions_PyWavelet,diagnostics_Versions_Python,diagnostics_Configuration_Settings,diagnostics_Configuration_EnabledImageTypes,diagnostics_Image-original_Hash,diagnostics_Image-original_Dimensionality,diagnostics_Image-original_Spacing,diagnostics_Image-original_Size,diagnostics_Image-original_Mean,diagnostics_Image-original_Minimum,diagnostics_Image-original_Maximum,diagnostics_Mask-original_Hash,diagnostics_Mask-original_Spacing,diagnostics_Mask-original_Size,diagnostics_Mask-original_BoundingBox,diagnostics_Mask-original_VoxelNum,diagnostics_Mask-original_VolumeNum,diagnostics_Mask-original_CenterOfMassIndex,diagnostics_Mask-original_CenterOfMass,original_shape_Elongation,original_shape_Flatness,original_shape_LeastAxisLength,original_shape_MajorAxisLength,original_shape_Maximum2DDiameterColumn,original_shape_Maximum2DDiameterRow,original_shape_Maximum2DDiameterSlice,original_shape_Maximum3DDiameter,original_shape_MeshVolume,original_shape_MinorAxisLength,original_shape_Sphericity,original_shape_SurfaceArea,original_shape_SurfaceVolumeRatio,original_shape_VoxelVolume,original_firstorder_10Percentile,original_firstorder_90Percentile,original_firstorder_Energy,original_firstorder_Entropy,original_firstorder_InterquartileRange,original_firstorder_Kurtosis,original_firstorder_Maximum,original_firstorder_MeanAbsoluteDeviation,original_firstorder_Mean,original_firstorder_Median,original_firstorder_Minimum,original_firstorder_Range,original_firstorder_RobustMeanAbsoluteDeviation,original_firstorder_RootMeanSquared,original_firstorder_Skewness,original_firstorder_TotalEnergy,original_firstorder_Uniformity,original_firstorder_Variance,original_glcm_Autocorrelation,original_glcm_JointAverage,original_glcm_ClusterProminence,original_glcm_ClusterShade,original_glcm_ClusterTendency,original_glcm_Contrast,original_glcm_Correlation,original_glcm_DifferenceAverage,original_glcm_DifferenceEntropy,original_glcm_DifferenceVariance,original_glcm_JointEnergy,original_glcm_JointEntropy,original_glcm_Imc1,original_glcm_Imc2,original_glcm_Idm,original_glcm_Idmn,original_glcm_Id,original_glcm_Idn,original_glcm_InverseVariance,original_glcm_MaximumProbability,original_glcm_SumEntropy,original_glcm_SumSquares,original_glrlm_GrayLevelNonUniformity,original_glrlm_GrayLevelNonUniformityNormalized,original_glrlm_GrayLevelVariance,original_glrlm_HighGrayLevelRunEmphasis,original_glrlm_LongRunEmphasis,original_glrlm_LongRunHighGrayLevelEmphasis,original_glrlm_LongRunLowGrayLevelEmphasis,original_glrlm_LowGrayLevelRunEmphasis,original_glrlm_RunEntropy,original_glrlm_RunLengthNonUniformity,original_glrlm_RunLengthNonUniformityNormalized,original_glrlm_RunPercentage,original_glrlm_RunVariance,original_glrlm_ShortRunEmphasis,original_glrlm_ShortRunHighGrayLevelEmphasis,original_glrlm_ShortRunLowGrayLevelEmphasis,original_glszm_GrayLevelNonUniformity,original_glszm_GrayLevelNonUniformityNormalized,original_glszm_GrayLevelVariance,original_glszm_HighGrayLevelZoneEmphasis,original_glszm_LargeAreaEmphasis,original_glszm_LargeAreaHighGrayLevelEmphasis,original_glszm_LargeAreaLowGrayLevelEmphasis,original_glszm_LowGrayLevelZoneEmphasis,original_glszm_SizeZoneNonUniformity,original_glszm_SizeZoneNonUniformityNormalized,original_glszm_SmallAreaEmphasis,original_glszm_SmallAreaHighGrayLevelEmphasis,original_glszm_SmallAreaLowGrayLevelEmphasis,original_glszm_ZoneEntropy,original_glszm_ZonePercentage,original_glszm_ZoneVariance,original_gldm_DependenceEntropy,original_gldm_DependenceNonUniformity,original_gldm_DependenceNonUniformityNormalized,original_gldm_DependenceVariance,original_gldm_GrayLevelNonUniformity,original_gldm_GrayLevelVariance,original_gldm_HighGrayLevelEmphasis,original_gldm_LargeDependenceEmphasis,original_gldm_LargeDependenceHighGrayLevelEmphasis,original_gldm_LargeDependenceLowGrayLevelEmphasis,original_gldm_LowGrayLevelEmphasis,original_gldm_SmallDependenceEmphasis,original_gldm_SmallDependenceHighGrayLevelEmphasis,original_gldm_SmallDependenceLowGrayLevelEmphasis
1,v3.1.1a3,1.24.4,2.2.1,1.4.1,3.8.4,"{'minimumROIDimensions': 2, 'minimumROISize': None, 'normalize': False, 'normalizeScale': 1, 'removeOutliers': None, 'resampledPixelSpacing': None, 'interpolator': 'sitkBSpline', 'preCrop': False, 'padDistance': 5, 'distances': [1], 'force2D': False, 'force2Ddimension': 0, 'resegmentRange': None, 'label': 1, 'additionalInfo': True, 'binWidth': 25, 'weightingNorm': None}",{'Original': {}},da045d1595218572da69fcf06b688fe18d9fd23e,3D,"(0.687671, 0.687671, 1.5)","(512, 512, 96)",-414.744974176089,-1200.0,1264.0,2cb3cb245e6fceea111985414e7944af147bfe07,"(0.687671, 0.687671, 1.5)","(512, 512, 96)","(64, 70, 4, 294, 272, 92)",1722085,1,"(167.0901250518993, 188.94665884668876, 42.64467375303774)","(-52.88286661543536, -46.110662164238704, -162.53298937044337)",0.5718964423303748,0.36578914072649954,81.03190999679316,221.5262865263152,225.71323849269737,172.16794546267798,221.07205553145587,238.40692300184733,1221106.715843087,126.6900951470589,0.5735842692994153,96321.36729482401,0.07888038452750706,1221538.790808544,-317.0,181.0,139855087318.0,4.129129926417359,128.0,7.4128858177793235,420.0,181.51287157761809,14.08058951793901,120.0,-1056.0,1476.0,64.38749454296043,284.97833347019,-2.367011781229664,99204402948.08505,0.09136943660910149,81014.38754627417,2073.694795770638,44.138788553174045,1946991.2163658692,-27437.362457314637,507.9484088579519,6.10262429859761,0.9762438962449144,1.4373595754859236,2.2039777551224833,3.974797345293361,0.021774046855916197,6.803257010214021,-0.347364733556799,0.9689833273926638,0.5262338917943293,0.9983640159591926,0.568359710754822,0.9775210572105717,0.4604483377261617,0.06451371987695285,5.021528095731091,128.51275828913734,102835.59527137906,0.08190407302749168,127.37683925640947,2058.9940764600037,2.503981122816678,5213.248301700848,0.004298875548529328,0.001534927015006352,5.371079907358235,743595.5108835388,0.589905543272107,0.7291204914614908,0.6066890557311341,0.7955594598878405,1625.5813450883825,0.0012011835784392644,3037.9482240678567,0.03355217600357679,178.69642951144144,1595.7294685456795,2306797.8552416502,5476920252.792698,1221.2012212879215,0.001913358384078061,30495.909524650997,0.3368076241899077,0.6005984954094225,911.7836195515195,0.0011215612364574312,7.685255591759037,0.05257812477316741,2306436.1208386566,7.854506810622732,120837.89116507025,0.07016952773241172,15.972077161582993,157345.93624298452,129.71263744562287,2073.050402273988,80.65979031232489,169057.34016497445,0.15380934223537324,0.0015877788177126758,0.06383497623678167,111.20837673792164,0.00010897100234765988
10,v3.1.1a3,1.24.4,2.2.1,1.4.1,3.8.4,"{'minimumROIDimensions': 2, 'minimumROISize': None, 'normalize': False, 'normalizeScale': 1, 'removeOutliers': None, 'resampledPixelSpacing': None, 'interpolator': 'sitkBSpline', 'preCrop': False, 'padDistance': 5, 'distances': [1], 'force2D': False, 'force2Ddimension': 0, 'resegmentRange': None, 'label': 1, 'additionalInfo': True, 'binWidth': 25, 'weightingNorm': None}",{'Original': {}},eeff1612277181e5983f3ac3f64a775802153dd2,3D,"(0.693359375, 0.693359375, 1.600000183486239)","(512, 512, 110)",-374.88286864540794,-1000.0,49944.0,c91e413f734715eada2e4acc83658b3f6f7a2307,"(0.693359375, 0.693359375, 1.600000183486239)","(512, 512, 110)","(72, 117, 3, 267, 242, 107)",1753047,1,"(164.93248840447518, 226.37756660260678, 44.497571371446405)","(-45.142512922678335, 58.461008093604306, 1579.2961023590062)",0.6270069204713068,0.4962145573924099,97.57712016787713,196.64300193174796,220.21785511965425,166.95030972662053,192.81998853191416,223.5630112462994,1348077.6724488002,123.29652307345853,0.6270350356518603,94117.18458115237,0.06981584704254266,1348436.1176193298,-116.0,165.0,87918016888.0,3.916176023514605,171.0,12.6823422058486,362.0,139.42722648108642,27.805312692700195,110.0,-1000.0,1362.0,70.62230889229154,223.94540805165087,-3.035491410653852,67626155694.19724,0.10261704367173302,49378.41037348159,1811.7700315191719,41.67204475040551,1219716.3773229374,-16553.965901408876,307.37238737100785,6.5308112987688105,0.9583652653914011,1.527883057577829,2.265674755678068,4.153263375475636,0.02356749750919582,6.609083597867534,-0.30790414700196006,0.9520984037139968,0.49879111645525936,0.9979409483160127,0.5466213414275027,0.9740714802059338,0.4538766294448999,0.07330112010181598,4.726931820420884,78.47579966744414,121802.46153179955,0.09213243145904354,79.24860619260002,1800.7685746515458,2.2759084229633855,4150.185354636122,0.03194707258329951,0.006585702875196964,5.061458203243006,822547.6467970175,0.6205815577873268,0.7540766711638912,0.5076594089174932,0.815360972580382,1459.1904804622504,0.004538555037202721,5516.249175037168,0.05000769821805462,147.05174828456106,1507.2215614461327,2405891.7173641077,4920718053.492331,2194.849223468404,0.0033816509397373083,39409.026453203754,0.3572635389382797,0.6192359831144613,899.8388270848196,0.002000549234439749,7.221940453184799,0.06292358390847479,2405639.152403516,7.4741137872655585,132659.04548081142,0.07567341062778773,13.789720953298337,179892.50055760058,79.01779818178721,1812.3169943532603,68.461053810879,126181.44892749595,1.494856195420726,0.008590721268317116,0.07510669222431625,119.67130776992032,0.000283295503810853
14,v3.1.1a3,1.24.4,2.2.1,1.4.1,3.8.4,"{'minimumROIDimensions': 2, 'minimumROISize': None, 'normalize': False, 'normalizeScale': 1, 'removeOutliers': None, 'resampledPixelSpacing': None, 'interpolator': 'sitkBSpline', 'preCrop': False, 'padDistance': 5, 'distances': [1], 'force2D': False, 'force2Ddimension': 0, 'resegmentRange': None, 'label': 1, 'additionalInfo': True, 'binWidth': 25, 'weightingNorm': None}",{'Original': {}},15f4998a57521d545bef52630428d4fef5fdd6ac,3D,"(0.568359375, 0.568359375, 1.6000002127659578)","(512, 512, 95)",-522.0881849991648,-1000.0,49944.0,ec6b3cb267368035dd792d3eb32ee0b37136332c,"(0.568359375, 0.568359375, 1.6000002127659578)","(512, 512, 95)","(67, 129, 2, 334, 255, 93)",1639912,1,"(179.17470632570527, 229.4892914985682, 32.43560264209299)","(-37.66437589691361, 97.93239028531903, 1570.4969511285408)",0.5990194747922154,0.45229290810848055,83.1471832527526,183.8348153644056,176.10088034302512,144.90228970952793,205.21236831131955,211.90003733181064,847387.9745397499,110.12063454811016,0.5766931422120003,75092.09170467085,0.08861595156038926,847591.5926432739,-111.0,247.0,161131180656.0,4.1738506526081665,162.0,8.617416725378941,443.0,185.97642442946807,63.326945592202506,175.0,-1000.0,1443.0,76.62235215104485,313.4581187095758,-2.555367266658314,83280952902.78387,0.08563594485869991,94245.69014690876,2005.8101997211702,43.14726757823458,2998027.3348758216,-36410.19479535087,584.0473729585505,7.560906498708588,0.9743319345567827,1.270595548717205,2.0480381170330797,5.865497795321726,0.027083189059831904,6.546700937416736,-0.4283856842293202,0.9844497396837176,0.6134735828728652,0.9979017548421827,0.6406915831922202,0.9799353177548169,0.43834777115731954,0.0838993989549348,5.093153537080105,147.90206986431474,74606.58897351533,0.07267452276705842,141.13655270506158,1979.8963769634663,4.181421380646398,8126.98011360322,0.3577118998887674,0.01917501628310938,5.813487827947171,518115.73032393935,0.49963332753448836,0.62634960337459,1.5599531615775708,0.7324612484402474,1421.1275212793698,0.010354333245046766,1712.315393693224,0.02349693160377122,208.71379302614577,1273.8277849438757,2628094.309547987,6042315412.805829,19346.421721514005,0.0067040546217371644,27177.12050937234,0.3729330146468197,0.6337226174085762,737.1265695924271,0.0038307368186853872,7.780641330262402,0.044437750318309766,2627587.9070129655,8.300166217319237,80133.60329456703,0.048864575229992234,32.44099213799809,140435.41360512027,150.35171898875862,2004.4208603876305,147.25029513778787,295557.4932325637,11.666688522122534,0.032960764511060066,0.052079539146490536,75.9306390620491,0.0004996504737276243
16,v3.1.1a3,1.24.4,2.2.1,1.4.1,3.8.4,"{'minimumROIDimensions': 2, 'minimumROISize': None, 'normalize': False, 'normalizeScale': 1, 'removeOutliers': None, 'resampledPixelSpacing': None, 'interpolator': 'sitkBSpline', 'preCrop': False, 'padDistance': 5, 'distances': [1], 'force2D': False, 'force2Ddimension': 0, 'resegmentRange': None, 'label': 1, 'additionalInfo': True, 'binWidth': 25, 'weightingNorm': None}",{'Original': {}},ba951daac39f8a1b9acea958df35760c096ea73c,3D,"(0.791015625, 0.791015625, 2.0)","(512, 512, 91)",-557.6631653335069,-1000.0,1383.0,f32b8b8963f46e2bc28578019352045508171627,"(0.791015625, 0.791015625, 2.0)","(512, 512, 91)","(75, 142, 2, 271, 215, 89)",1432318,1,"(170.53338853522752, 229.81022719815013, 36.7510839073446)","(-55.60542508443916, 78.28348049853673, 1594.5021678146893)",0.6580079312512539,0.49959080368374037,106.82772175953895,213.83044077641765,230.0194035845468,183.51569319098948,235.70805651620552,254.76614554082104,1791658.0613136292,140.70212597383434,0.6105834347728709,116835.77906945614,0.06521098059514387,1792419.128036499,-62.0,142.0,40247878125.0,3.4949680889101495,64.0,22.194721079880566,591.0,85.02422412592135,52.81462705907487,94.0,-1000.0,1591.0,33.432671994107295,167.6300095427652,-4.116438759989576,50366655040.38334,0.14080861695725708,25310.43526791839,1857.6522629225901,42.67649757443992,532622.415140837,-7871.6291943479255,151.59144919092898,6.11769149949527,0.9221228373017711,1.465681052697771,2.2298904823917303,3.932726152814369,0.03456136598240382,6.143627251339499,-0.23576514003254678,0.8942103289423314,0.5124126857879896,0.9985611218901812,0.557459976100211,0.9784034589105807,0.4587569398475295,0.09325719473761515,4.3196537462772495,39.42728517260606,130725.76502774206,0.12288845351577872,45.92345569864491,1838.1701862861473,2.3843304864744153,4499.671130658615,0.003401555846343898,0.0015469329945641194,4.721301007470736,650132.9394006644,0.6097894100285984,0.7426758045887317,0.5627495386057224,0.8087470147129945,1473.5656974319509,0.0012910879782712928,5118.813864541833,0.05826765924350407,110.09184843181953,1557.6201935116676,2692164.668321002,5351127037.781025,1368.5820276841246,0.0021539638635461756,33430.791348890154,0.3805440108012539,0.6403549856814943,987.4882271050542,0.0012349942659353379,6.943089116065921,0.06133414507113644,2691898.843599318,7.131713597820642,100732.33802689068,0.07032819389750787,15.693968110500311,201682.71662298456,40.57374246970877,1858.09474222903,74.8366675556685,144590.73506232555,0.09489998379740984,0.001490282505341923,0.07499224748150501,123.54286490873541,0.00014082572543858767
18,v3.1.1a3,1.24.4,2.2.1,1.4.1,3.8.4,"{'minimumROIDimensions': 2, 'minimumROISize': None, 'normalize': False, 'normalizeScale': 1, 'removeOutliers': None, 'resampledPixelSpacing': None, 'interpolator': 'sitkBSpline', 'preCrop': False, 'padDistance': 5, 'distances': [1], 'force2D': False, 'force2Ddimension': 0, 'resegmentRange': None, 'label': 1, 'additionalInfo': True, 'binWidth': 25, 'weightingNorm': None}",{'Original': {}},b299fb0b7f56dec575f802cdddf7c4098b710892,3D,"(0.68359375, 0.68359375, 1.6)","(512, 512, 111)",-494.1957572387145,-1000.0,1370.0,bcc934e81b1c303a460ca6f00329b899b17aad60,"(0.68359375, 0.68359375, 1.6)","(512, 512, 111)","(57, 180, 5, 296, 220, 106)",1978203,1,"(158.5247353279719, 269.69751436025524, 45.28128963508801)","(-64.6334817093942, 82.36353520720573, 1560.450063416141)",0.6281251086932111,0.4785851042641568,99.27628705955354,207.43706014877895,235.54652477300868,172.49048576145483,204.42196460964797,244.67383496350212,1478788.2696787517,130.29642595295195,0.5990489832688777,104783.39214000334,0.07085760300409079,1479064.1326904297,-82.0,180.0,83170596333.0,3.680026154277498,100.0,17.41761887862785,346.0,112.04176124932553,71.55947847617257,134.0,-1000.0,1346.0,49.932554949579355,205.04513979410896,-3.618833357237772,62185046696.73157,0.12709354017613367,36922.750393403905,1942.078644857126,43.44095862187422,910080.9757470778,-12434.249353265212,225.46840587919164,5.624383656832109,0.9511624319512035,1.353260246178274,2.126224195259865,3.752209866128313,0.03358068377816447,6.2152678051921715,-0.30484087144536426,0.942436972673875,0.5402762029695064,0.9981640821984071,0.5796308326116162,0.9765864246655332,0.4695263388341325,0.08727096758040367,4.518968233363308,57.77319738400593,156148.07219167866,0.10991039782103426,65.43976354237498,1916.68619147962,2.617489318228543,5168.00052555432,0.009360719362764648,0.0031587366309732074,4.99782121481744,825478.3926125763,0.578819430329418,0.7180309604221609,0.6607256759920073,0.7882541616727211,1494.4823543983182,0.002466517203474949,4711.800776559123,0.04715195717475705,151.7908572924207,1530.9765130894243,4253623.561634377,9096058390.427217,2053.8177270846654,0.003638644113604882,34283.66593947642,0.34308367964410796,0.6061589443541998,893.5047512724719,0.0019141494132113692,7.355232926098383,0.050514532633910675,4253231.668800932,7.412159807242158,133337.63914067464,0.06740341569630348,16.786051594118213,251416.82245704814,59.14086517543519,1941.1824939098767,86.19486220574936,174157.1716254601,0.32893409262665113,0.0032462610616777053,0.061650321653569484,101.66702240427846,0.00020079202852175287
19,v3.1.1a3,1.24.4,2.2.1,1.4.1,3.8.4,"{'minimumROIDimensions': 2, 'minimumROISize': None, 'normalize': False, 'normalizeScale': 1, 'removeOutliers': None, 'resampledPixelSpacing': None, 'interpolator': 'sitkBSpline', 'preCrop': False, 'padDistance': 5, 'distances': [1], 'force2D': False, 'force2Ddimension': 0, 'resegmentRange': None, 'label': 1, 'additionalInfo': True, 'binWidth': 25, 'weightingNorm': None}",{'Original': {}},6e440923ea5218586fea2eb1f9e1d973adb0a208,3D,"(0.666015625, 0.666015625, 1.6000002247191016)","(512, 512, 90)",-546.454472096761,-1000.0,49944.0,b35040df5723d41a95fdd50a5da5fd52abbbff72,"(0.666015625, 0.666015625, 1.6000002247191016)","(512, 512, 90)","(74, 121, 0, 277, 228, 90)",1675882,1,"(175.92801641165667, 210.18165658441347, 36.64849136156364)","(-40.32919219458023, 86.4842673736035, 1513.737574414118)",0.7245816961741427,0.4524646988946038,82.37979899126715,182.06900823981528,198.1718349215894,155.7708000576486,203.04740052634054,215.6398241092143,1189210.4099008401,131.92387081114933,0.6017512275214956,90206.86871776072,0.07585442236860543,1189412.0008046655,32.0,185.0,80303944258.0,3.2696508326596745,45.0,20.87625257994628,889.0,93.33395322794286,94.25172536013872,140.0,-1000.0,1889.0,22.535143998857894,218.90048320544915,-4.210025216404068,56993556236.30669,0.1759131169889764,39034.03381421614,2025.951018585534,44.34991706207208,1251356.03619186,-16010.204109943745,240.3817552563716,4.241033513738622,0.9651974621143993,1.046126073616827,1.8395588617919325,3.1196879530737047,0.057707015095606655,5.456060749094162,-0.31994831199663043,0.9323431450233095,0.6200486967979957,0.9992895203402838,0.644662785286591,0.9868790667822614,0.47902786275880455,0.15264386620998355,4.119928677830908,61.155697192527604,158156.04127446533,0.1475106420898666,67.88376914401118,2000.8777985497613,3.6136955510523494,7387.989033605538,0.032287406361084965,0.005869775396932274,4.91307048843712,534411.257804143,0.4956189490813855,0.6396018060019463,1.1352165110959471,0.7292809942164641,1441.9449623434723,0.0038383475843956284,3353.46755781732,0.058444161763316196,166.8197972640537,1557.876174210077,7881391.314418167,16836300121.022535,5098.008754730838,0.0039467586763958715,19864.442618379548,0.34619708636225005,0.6090363887282583,911.9770323455115,0.0025113138318034276,7.250139686488127,0.03423809074863266,7880538.251777751,7.263381069346072,93884.47289128948,0.056020932793173675,23.49785230518498,294809.6263257198,62.51007988377208,2024.1309996765883,131.04207456133545,270858.89871005237,1.337530113106002,0.00685101669199959,0.043172135343795215,73.22754547348457,0.00020046415218924463
2,v3.1.1a3,1.24.4,2.2.1,1.4.1,3.8.4,"{'minimumROIDimensions': 2, 'minimumROISize': None, 'normalize': False, 'normalizeScale': 1, 'removeOutliers': None, 'resampledPixelSpacing': None, 'interpolator': 'sitkBSpline', 'preCrop': False, 'padDistance': 5, 'distances': [1], 'force2D': False, 'force2Ddimension': 0, 'resegmentRange': None, 'label': 1, 'additionalInfo': True, 'binWidth': 25, 'weightingNorm': None}",{'Original': {}},e0f514911406b6a1794d0098ab0e8ccb7714b537,3D,"(0.77734375, 0.77734375, 2.0)","(512, 512, 81)",-530.0141306276674,-1000.0,1448.0,e013aca2cccc8d2df89d07531fd978673f0bb15d,"(0.77734375, 0.77734375, 2.0)","(512, 512, 81)","(63, 155, 0, 248, 214, 81)",923368,1,"(142.9803458642708, 258.78651848450454, 26.45530492717963)","(-79.85512176957076, 90.16608272818908, 1547.9106098543593)",0.6146002400481404,0.4796385862807728,90.88276408045327,189.48176122604937,232.05349407397097,156.70622773882917,185.23956401222569,235.99474813792284,1115468.5012423198,116.45553593427437,0.596981289194792,87128.77586816026,0.07810957976054293,1115914.8000488281,-113.0,172.0,19009112873.0,3.9262115388630012,213.0,12.60846072450804,747.0,108.52845183707724,45.6625559906776,97.0,-1000.0,1747.0,84.78409121460447,143.48070927929328,-1.9781969629276082,22973018764.76053,0.08629907699310416,18501.644915687306,1824.748061434751,42.41181107911609,145048.33279193955,-2176.1486530115935,109.84432496833809,5.904041190569918,0.8977453900601253,1.5466894174331147,2.2995483131386787,3.4728692911935606,0.01908664442280244,6.68398203615051,-0.2930186919788442,0.9463266500894753,0.4867304941051351,0.9988225544994065,0.537214702517682,0.9789891301254906,0.4481780230135731,0.0611851377979533,4.737747851634635,28.937091539726982,55278.54755307531,0.07817071138644102,31.3608874594082,1813.5520507318133,2.1752831952834,3994.3283728858373,0.0027204270513120988,0.001261387351044933,5.012987646177098,450168.4304979906,0.635100742498817,0.7658594156642604,0.4620354741440037,0.8244064164081575,1488.6958095386326,0.001056695932168138,3606.4438025293216,0.057082951653703314,74.07982940433374,1647.487440446984,886065.7892654205,1721623099.1456497,475.3992338714124,0.001603210295633238,22848.33249972301,0.36164441507024503,0.6238210302099801,1008.255119432506,0.0008706446556554706,6.937351221008609,0.06842234082186084,885852.187841158,7.432354918157375,71291.1582186084,0.07720774189554803,13.084903704710236,79685.8061249686,29.679818398442,1822.8734101679936,63.3197598357318,117714.10603897904,0.07440987727846131,0.0012451824041979677,0.08196691761308904,138.8691764072499,0.00011156525465232212
21,v3.1.1a3,1.24.4,2.2.1,1.4.1,3.8.4,"{'minimumROIDimensions': 2, 'minimumROISize': None, 'normalize': False, 'normalizeScale': 1, 'removeOutliers': None, 'resampledPixelSpacing': None, 'interpolator': 'sitkBSpline', 'preCrop': False, 'padDistance': 5, 'distances': [1], 'force2D': False, 'force2Ddimension': 0, 'resegmentRange': None, 'label': 1, 'additionalInfo': True, 'binWidth': 25, 'weightingNorm': None}",{'Original': {}},1ba21ad71df34cb68b373f6927f1bc3183a61bef,3D,"(0.78125, 0.78125, 0.99999994140625)","(512, 512, 257)",-512.4170555827219,-1024.0,1299.0,263efe068a93a0514566dfa61a1e121702335615,"(0.78125, 0.78125, 0.99999994140625)","(512, 512, 257)","(82, 164, 42, 227, 240, 168)",2807554,2,"(166.81965725325318, 289.23762570550736, 110.51465581784001)","(-80.99760177089595, 151.8750295824276, -135.98533565762813)",0.744809897596352,0.5733367979536678,107.32120723270836,187.18702098967867,205.09944696462583,185.59260989420832,205.72405716228837,229.04182742980126,1713259.6347209078,139.41874593468876,0.6606014272982385,104815.79644105052,0.0611791664945898,1713594.8702971698,-90.0,138.0,40747459208.0,3.3436057825812835,94.0,24.79987421704382,951.0,73.7211765835558,58.62143987257235,96.0,-1023.0,1974.0,46.97678365638159,120.47202426261444,-3.2845715185861355,24870273938.265114,0.14166561978320424,11077.03541719835,1941.9813994111487,43.88172106777026,116594.10845832151,-1869.116683371041,67.6551138299108,2.151516403455577,0.9383083826355831,0.9924728735780953,1.7884276480910655,1.1490056309659944,0.04072001790716406,5.5875636120941525,-0.3253269861092132,0.9388655529517299,0.5925645479087602,0.999666250040928,0.6224340403452773,0.9879133273416149,0.49498005366713993,0.11772489727907834,4.181312588700986,17.451657558341612,237995.6923575072,0.12561496855492213,19.347518831828623,1932.5159943235756,3.0649215152884843,5993.398967345505,0.002040854313232192,0.0006943616214794856,4.784968119336488,998863.863255219,0.5243318231762663,0.6748005559287551,0.8417575528963785,0.7498177906293877,1443.2834471478996,0.0005277824445833978,8400.474071622426,0.11121300154395217,60.43908877188839,1850.0634275501423,13278765.278215397,27410048213.37523,6493.30266919697,0.0010075654992132046,22030.115429933143,0.29165440431499495,0.5551162356539266,1014.5467857331586,0.0005689371829958596,6.677797962186577,0.026904202020691322,13277383.749967732,7.168765959562434,187646.04590258995,0.06683613063278211,16.924581322458486,397733.8774848142,17.804798110036103,1941.926580218938,106.32511502895403,209410.0257198971,0.0693628139060176,0.0006826924315072679,0.037949687464207904,70.84723836355488,3.2766349280999744e-05
22,v3.1.1a3,1.24.4,2.2.1,1.4.1,3.8.4,"{'minimumROIDimensions': 2, 'minimumROISize': None, 'normalize': False, 'normalizeScale': 1, 'removeOutliers': None, 'resampledPixelSpacing': None, 'interpolator': 'sitkBSpline', 'preCrop': False, 'padDistance': 5, 'distances': [1], 'force2D': False, 'force2Ddimension': 0, 'resegmentRange': None, 'label': 1, 'additionalInfo': True, 'binWidth': 25, 'weightingNorm': None}",{'Original': {}},31181d727b4a52316c2e000d7922e8598f60df08,3D,"(0.72265625, 0.72265625, 1.6)","(512, 512, 101)",-509.04092611180675,-1000.0,1472.0,ddf4856c40b8136bf6848cb83a0d68b6faf748c9,"(0.72265625, 0.72265625, 1.6)","(512, 512, 101)","(98, 165, 0, 232, 211, 101)",1332502,1,"(176.9285201823337, 256.90329845658766, 35.339805868959296)","(-55.14149908698542, 96.65277427526843, 1470.043689390335)",0.7471104605886306,0.5103857866881045,88.14500301980746,172.70269924987673,217.1961690055524,164.5284467057008,191.81997796351362,217.71481858767908,1112796.400222779,129.02799318147518,0.6108822833279142,85010.07562858114,0.07639319790355391,1113400.4138183594,-105.0,189.0,38413489756.0,4.053650896182112,176.0,14.463211662268183,1056.0,112.84316897913772,61.88499529456616,118.0,-1000.0,2056.0,74.8637240881301,169.7883730769944,-2.5889763979444336,32097209152.81006,0.08996643125136788,24998.338989524156,1887.329205280441,43.01954970732437,332552.22904287133,-4814.7726145111565,152.52910108124544,5.939368625608437,0.9249789754832923,1.4609479439864823,2.2509381151811434,3.7592798881968656,0.022919504760665024,6.7472958020338645,-0.3337690454339267,0.9641610452841582,0.5208686493318968,0.999152964697034,0.5641146232289004,0.98318138382397,0.45478933962994217,0.0846535895489294,4.922888678318449,39.61711742671346,75204.38160080634,0.07717582535893784,44.56700485387418,1865.788250708786,2.5043344354255086,4811.121120003477,0.004293547076896994,0.0017790724352842531,5.299853217827162,583875.3073102657,0.5973706685778507,0.731096607965836,0.619970944440381,0.8006282287088828,1478.719175549715,0.0014328236619405087,3418.805510740736,0.04343049976169332,113.65212677825969,1547.6134097231927,1563064.8643402483,3196123553.259086,781.8917546684696,0.002476204071823277,26303.466926663194,0.33414381441155494,0.5981215589720341,897.75941101941,0.0013189971757058393,7.460776646943921,0.05907608393833555,1562778.3300501697,7.748703195283693,88872.94226350129,0.06669629183558545,17.622005414688864,119880.44957531021,40.07004948825922,1888.7134173156962,81.48588895176142,160290.27336694428,0.13726229312774899,0.0017554363369746593,0.07045611326158452,115.58631994592447,0.00014481645123563724
23,v3.1.1a3,1.24.4,2.2.1,1.4.1,3.8.4,"{'minimumROIDimensions': 2, 'minimumROISize': None, 'normalize': False, 'normalizeScale': 1, 'removeOutliers': None, 'resampledPixelSpacing': None, 'interpolator': 'sitkBSpline', 'preCrop': False, 'padDistance': 5, 'distances': [1], 'force2D': False, 'force2Ddimension': 0, 'resegmentRange': None, 'label': 1, 'additionalInfo': True, 'binWidth': 25, 'weightingNorm': None}",{'Original': {}},5df576c483434386fa54c578de281325151d9122,3D,"(0.658203125, 0.658203125, 1.00000000083682)","(512, 512, 240)",-518.2756415049236,-1024.0,1339.0,c88007d1ee0bf2432102bcbf82cfabf3f0ad5664,"(0.658203125, 0.658203125, 1.00000000083682)","(512, 512, 240)","(70, 92, 27, 278, 250, 175)",2876604,1,"(163.22361993517356, 210.52910480552762, 91.42462083762659)","(-45.06570328485647, 140.0709146864508, -191.87536708586745)",0.6461143177437614,0.4789762964605532,90.279691510284,188.48467487308972,214.5480790927401,158.04841874329375,187.70332933784883,218.55054552975898,1245945.5573925804,121.78264711078104,0.6502624958172997,86111.56095469922,0.06911342188570976,1246235.0461936314,-78.0,148.0,134217022688.0,3.557680855097097,87.0,16.972141018524603,640.0,115.65241158389165,41.020385148598834,110.0,-1024.0,1664.0,42.889976905475095,216.00497821510913,-3.701332279506636,58147022485.386,0.1411637419870028,44975.478615970416,1933.6106924824405,43.165918739448884,1381816.820818208,-17827.866088197065,285.3125274461978,4.056202606933232,0.9719660719883275,0.9461482121840841,1.7714820853785747,3.1374039906339437,0.0546587094851318,5.597350856371899,-0.4245395821555738,0.9738691562819377,0.6712770687239561,0.9991251766410211,0.6895794361894444,0.9866669919793003,0.43592542298040937,0.14409590400579614,4.472004723114517,72.34218251328282,180618.4831272961,0.1113602009980523,74.82434767999153,1882.88663509155,5.298474112103577,10412.722811216638,0.05259037222007535,0.004846440529793639,5.531290678421415,696305.3976826648,0.4262302864261003,0.5619048337232697,2.0355915857359004,0.6741809887355396,1231.2823846810281,0.0029044179551859085,2749.3666714891438,0.03059713401837524,168.3490284329112,1144.1623913551532,11810768.567768788,25158813968.80399,7386.178198850969,0.005497419531374223,31284.12118143272,0.34815452531725655,0.6114912047878978,621.3007332460487,0.002875335628885347,7.676111985712703,0.03123718106489458,11809743.727149852,7.753758218881926,135256.1528420318,0.04701938565128595,33.16771777457532,406072.18485478015,72.05152936638454,1934.8900439546076,186.69157172832965,373918.2632673806,1.8068441046229544,0.006180081961555136,0.03682223246786528,49.02396536561391,0.00017470123231868678
24,v3.1.1a3,1.24.4,2.2.1,1.4.1,3.8.4,"{'minimumROIDimensions': 2, 'minimumROISize': None, 'normalize': False, 'normalizeScale': 1, 'removeOutliers': None, 'resampledPixelSpacing': None, 'interpolator': 'sitkBSpline', 'preCrop': False, 'padDistance': 5, 'distances': [1], 'force2D': False, 'force2Ddimension': 0, 'resegmentRange': None, 'label': 1, 'additionalInfo': True, 'binWidth': 25, 'weightingNorm': None}",{'Original': {}},2b0e9e4e1cf94d8d52dbe12e549be384cd139b28,3D,"(0.63671875, 0.63671875, 2.0000000000000004)","(512, 512, 123)",-505.8263847227019,-1024.0,1265.0,457701dd539bb92326bfa3c86596d63b6739c589,"(0.63671875, 0.63671875, 2.0000000000000004)","(512, 512, 123)","(61, 85, 11, 337, 244, 92)",1558882,1,"(171.18820475186703, 183.68369446821504, 43.766353707336414)","(-67.00126025564717, 115.9548523371838, -391.6673045853272)",0.6437508362223754,0.47566998777076525,95.25714247285924,200.25888729975023,237.2672874334664,171.06978017739257,217.0090322065054,241.60939299911416,1263485.526037853,128.91682616017664,0.5678512994544853,99532.06503620154,0.07877578570157649,1263975.0933227541,-89.0,155.0,69596535512.0,3.812906775597902,133.0,15.946049699048729,493.0,119.49432268923472,30.846708089515435,84.0,-1024.0,1517.0,57.96920937715768,211.29401195342996,-3.4838058237843876,56430369629.46559,0.10644721016588166,43693.64008741643,1896.2971461175382,42.78684074836413,1179913.7740637087,-15512.064398804807,270.0790489461336,7.746610157893893,0.9441950501739951,1.2089507834846165,1.9950828223266537,6.205634387466773,0.040048098427135956,6.045184346994064,-0.41162985864603646,0.9758349611292759,0.6362754539222161,0.9980742476186614,0.6605080931840265,0.9818673640512744,0.4252369191329338,0.14507683796886203,4.723175898676956,69.45641477600685,76254.68119489761,0.0819059592485541,73.05498090018307,1846.7027126156217,4.796102856900636,9348.650006544449,0.022942800596063795,0.003654426997594931,5.570253562036701,450017.2804135265,0.47787338361996573,0.5967657985264193,1.8873340586943406,0.7156998813565527,1289.8283702973806,0.002472712270019419,1838.709825783972,0.02847401975662365,148.34329293763733,1238.3103832752613,3352158.424003097,7159925458.562292,1866.5090673032894,0.003865114813009617,26305.302562911344,0.40736047329324576,0.6636848349954009,754.7529019945466,0.0024010980120637237,7.41203727747299,0.04142391791039989,3351575.653374887,7.9123119295157265,70196.46859351767,0.045030007783474095,36.97163984533651,165938.63987780985,69.99561221297058,1897.8248154767327,168.85594547887524,335240.3218037029,0.8404683714254942,0.004009656778061731,0.050185322270657,70.39924197591705,0.00017759125404531202
25,v3.1.1a3,1.24.4,2.2.1,1.4.1,3.8.4,"{'minimumROIDimensions': 2, 'minimumROISize': None, 'normalize': False, 'normalizeScale': 1, 'removeOutliers': None, 'resampledPixelSpacing': None, 'interpolator': 'sitkBSpline', 'preCrop': False, 'padDistance': 5, 'distances': [1], 'force2D': False, 'force2Ddimension': 0, 'resegmentRange': None, 'label': 1, 'additionalInfo': True, 'binWidth': 25, 'weightingNorm': None}",{'Original': {}},54e91589c97629d482ef3a2b4cb89b27fc5736b8,3D,"(0.6015625, 0.6015625, 1.0)","(512, 512, 235)",-382.75037629147795,-1024.0,1510.0,19efc8dcf00f857e860470d535249bf5a0080297,"(0.6015625, 0.6015625, 1.0)","(512, 512, 235)","(56, 84, 19, 407, 207, 116)",3323433,1,"(236.3954131164973, 173.78751700425434, 71.61949736913607)","(-6.793384297107082, 108.54405319787175, -269.88050263086393)",0.5221994160994909,0.34916830905766216,76.57159388154875,219.29708938420183,241.97366479756926,131.94496278966622,241.1327845304131,246.67146104157004,1202516.1744944255,114.51681202874806,0.6137913608305683,89095.81484807542,0.07409115714018068,1202675.4307250977,-128.0,74.0,91140429254.0,3.8223449503262086,114.0,20.03318888785229,242.0,89.69912990805265,-44.99529853618232,-12.0,-1024.0,1266.0,45.154248192458724,165.60066289064463,-3.7473929663392136,32981665347.10486,0.09366043009487653,25399.002659460755,1615.4031986191815,39.701591368494746,518761.58031217015,-7649.130721381089,160.1806815583482,3.433563312752389,0.9580446825464123,1.078645938210622,1.9265840047517504,2.2377209350443286,0.024605023290470738,6.224216079707536,-0.3719637820539349,0.9681796362129755,0.6022977026921669,0.9987215144943933,0.6315121519000104,0.9800160568446349,0.46463426894418086,0.06964860517590019,4.772843937074338,40.90356121777514,189682.0884828106,0.08788213220070315,43.97114077332542,1598.474587110286,3.5195506036846647,5771.971824946327,0.008318816652654501,0.002034871631034811,5.33141246948533,1103087.2381807873,0.5074140025498255,0.6492040239484524,1.1019746726612882,0.7379010326569501,1165.626295359662,0.0014526875680307902,3125.120966584609,0.034498559027063586,112.29310465011027,1206.1552430260413,9457283.21245874,15987265202.282856,5864.529229533352,0.0031760298807472056,27556.199818958572,0.30419596431009494,0.5690648866267142,646.8693777760037,0.001687498750615606,7.754418339593676,0.027257056182567845,9455937.221628169,7.900602913537203,187217.7784673258,0.05633264713545476,24.18882502164333,311274.1641715058,40.72223469729894,1618.4180896681232,126.6172999425594,210270.33340253888,0.3294375682639489,0.0021527702346518245,0.03906738296595688,53.01523141352162,9.476555522564934e-05
26,v3.1.1a3,1.24.4,2.2.1,1.4.1,3.8.4,"{'minimumROIDimensions': 2, 'minimumROISize': None, 'normalize': False, 'normalizeScale': 1, 'removeOutliers': None, 'resampledPixelSpacing': None, 'interpolator': 'sitkBSpline', 'preCrop': False, 'padDistance': 5, 'distances': [1], 'force2D': False, 'force2Ddimension': 0, 'resegmentRange': None, 'label': 1, 'additionalInfo': True, 'binWidth': 25, 'weightingNorm': None}",{'Original': {}},296ff0672bef607c59fd534e4fc94c9861083702,3D,"(0.76171875, 0.76171875, 1.6000004424778766)","(512, 512, 114)",-497.9503664050186,-1000.0,1332.0,1f3510dbc65f6fd82dd59ed76aa2d69888bd2723,"(0.76171875, 0.76171875, 1.6000004424778766)","(512, 512, 114)","(85, 134, 2, 318, 240, 104)",1637744,1,"(185.73984212428803, 233.78588595042936, 40.33874891313905)","(-48.51847963188999, 72.07909281380361, 1482.2419661100264)",0.5708125404001786,0.42529986561675875,97.18976029328276,228.52055255728968,262.70812731823395,175.45243799514918,245.98916583510737,263.72762360833076,1519877.9355026714,130.44239713887904,0.5793822487349314,110337.90819997182,0.07259655898845561,1520391.42632149,-103.0,170.0,40631633691.0,3.9504207444379147,172.0,17.153888304029184,520.0,104.45543615806108,53.96747293838353,102.0,-1000.0,1520.0,69.722058732238,157.51036349170505,-2.7820904938027082,37720173300.12004,0.0929540402295776,21897.026471933896,1855.530472688025,42.707469624216515,300764.6062391255,-4205.472160946697,132.21223514740598,5.803055978938553,0.9157838765209009,1.5006629733732928,2.2735280789731425,3.5105042845006316,0.021440324929164853,6.692615907143256,-0.3035413355254294,0.9512724890462446,0.5016639632872344,0.9984870363082046,0.549011360540222,0.9767810079552821,0.45203537333196464,0.06178157150408288,4.7996410327711905,34.50382278158613,101479.45880768649,0.08255353897464598,37.67708787297886,1844.0612330083075,2.3092635015346454,4328.085412143823,0.006481706560877909,0.0021035410629594575,5.10955746026777,760716.4901921278,0.6173228752300736,0.750462033326144,0.5238733088600169,0.8134040651196733,1491.5090611170115,0.0016219975702497927,4844.22119092685,0.04903206768350102,97.79469583847678,1616.5699160905694,1919225.1190218327,3779486270.2362623,1013.4327891905829,0.0022146240383808203,34318.10406186423,0.34735977875709007,0.6105181712876846,963.6487723905345,0.0012843633611015737,7.217040474233999,0.06032505690755088,1918950.3267469306,7.564606929267525,118806.33386414482,0.07254267691662727,14.877058721549203,152234.92166174934,35.09711083398981,1856.563600904659,70.94701003331411,134964.81913901074,0.24308171926507155,0.0022919308310287894,0.07422984033628204,125.40029224349118,0.00014618485455896327
27,v3.1.1a3,1.24.4,2.2.1,1.4.1,3.8.4,"{'minimumROIDimensions': 2, 'minimumROISize': None, 'normalize': False, 'normalizeScale': 1, 'removeOutliers': None, 'resampledPixelSpacing': None, 'interpolator': 'sitkBSpline', 'preCrop': False, 'padDistance': 5, 'distances': [1], 'force2D': False, 'force2Ddimension': 0, 'resegmentRange': None, 'label': 1, 'additionalInfo': True, 'binWidth': 25, 'weightingNorm': None}",{'Original': {}},16204389018bb4c11976eea0481348f24e5cf8ed,3D,"(0.68359375, 0.68359375, 0.9999999983402491)","(512, 512, 242)",-509.02580775111176,-1024.0,1906.0,c26f0968f119bb05b5820609700e7b6135ecb4ac,"(0.68359375, 0.68359375, 0.9999999983402491)","(512, 512, 242)","(74, 164, 29, 339, 246, 175)",3014296,1,"(173.4102596427159, 269.5756548129314, 93.66528801418308)","(-64.45783032236217, 148.28023278227732, -209.734675141278)",0.6447108296330225,0.5257477159731304,105.29871902481209,200.28374032954167,241.76563624773257,171.92941158526125,230.4603290635825,242.6309940196319,1408247.7665416198,129.12509638986367,0.5916834608162439,102686.67119580606,0.07291804300033394,1408581.769512691,-75.0,155.0,53317617863.0,3.6906314093568136,102.0,25.59098777909418,677.0,77.10185129135009,67.32232634087694,102.0,-1024.0,1701.0,47.34165296235962,132.9971762318419,-3.3349556164860377,24915344914.920765,0.11409492017813405,13155.95326169609,1975.4458493801565,44.22336219046353,171589.08994587784,-2466.0552771474986,81.7881023878267,2.827959646734986,0.9331597895194357,0.967306270131596,1.8222468508503211,1.8710736101930272,0.03758211362238395,5.929439610433838,-0.3925957560127069,0.9704107232976908,0.6306403789703879,0.9994162261087163,0.6550286100812722,0.9865238854667694,0.46359075505222436,0.11741453820485924,4.613029385247061,21.154015508640434,178140.8795202694,0.09533957843185914,24.814849632904806,1947.253271258766,3.9983439009428396,8030.780859804402,0.0033474061258539313,0.0008964992153044429,5.3670145899520625,895045.4049992108,0.47593956571767404,0.6190145738328797,1.33525477559711,0.714140088817245,1372.1302622880892,0.0006508352647727713,3402.978062792251,0.045463968774779574,105.90844414261612,1590.1383700734802,11539482.026052104,24199931788.643726,5545.514690836126,0.0017183681619154813,21647.27152972612,0.28920870447195884,0.5533891639457138,829.659643359862,0.0009625016684088358,7.687525412700884,0.02483166882084573,11537860.26007515,7.79428669300496,160115.2296350458,0.05311861530355539,26.243014129555643,343915.8615132688,21.13135964600079,1975.9054727870123,145.1755852776237,295326.3999504362,0.12223130006034316,0.000875387508874218,0.034790312007218556,59.36433344012724,4.516458720897156e-05
28,v3.1.1a3,1.24.4,2.2.1,1.4.1,3.8.4,"{'minimumROIDimensions': 2, 'minimumROISize': None, 'normalize': False, 'normalizeScale': 1, 'removeOutliers': None, 'resampledPixelSpacing': None, 'interpolator': 'sitkBSpline', 'preCrop': False, 'padDistance': 5, 'distances': [1], 'force2D': False, 'force2Ddimension': 0, 'resegmentRange': None, 'label': 1, 'additionalInfo': True, 'binWidth': 25, 'weightingNorm': None}",{'Original': {}},f47c63dab997919ceddc59d481324163fb0c5a28,3D,"(0.693359375, 0.693359375, 1.5999998019801975)","(512, 512, 102)",-522.2406284107882,-1000.0,1450.0,0cbc55f13ac9735a7f67c897b6c8ae4dc0e2e771,"(0.693359375, 0.693359375, 1.5999998019801975)","(512, 512, 102)","(71, 169, 0, 250, 213, 102)",1494867,1,"(156.99558622941038, 256.8862186401867, 37.377866392127196)","(-58.64563845421742, 85.61446800247322, 1468.2045988258458)",0.7595432817518148,0.48153397843331996,86.4893516576637,179.61214687083654,208.85323517834908,166.69885269416395,190.29146676428564,237.98562045113854,1149541.304002807,136.42319947676415,0.620572226754393,85514.84436089506,0.07439040603684671,1149844.9118611447,-118.0,164.0,99822765827.0,3.7884808448646705,128.0,10.945531033547253,292.0,157.10446009473574,24.00639588672437,121.0,-1000.0,1292.0,62.341356393216905,258.41250263671697,-2.9167858339221295,76783218422.83125,0.12649782898850515,66200.71447550111,1826.0925256682824,41.534131651297415,1890492.74840658,-24593.067229058077,411.48085205078763,7.450617663533688,0.9643670854039179,1.375713667830959,2.1434903121222932,5.499214606308887,0.03966982828670002,6.236208043052454,-0.34922155800030075,0.9615720802747805,0.5733639596854233,0.997433976838676,0.6061637111059969,0.975801857950666,0.4578436877670538,0.13457243069588126,4.658962331810819,104.7328674285803,102213.40216893997,0.10102275791706823,104.25902187888686,1794.7062561343666,3.2085510198858995,5913.77964107097,0.13576348116534773,0.015400372124542453,5.283959675042728,554003.1557745364,0.5449724239651232,0.6766522218518951,0.9986866720625254,0.7654470435825206,1349.5936492942828,0.009801804249813695,2658.7772963814596,0.03217690059762144,169.26085495958392,1263.3051434103836,2888680.8456371776,6034374348.329953,5395.579965281923,0.005530410979517653,32383.840469563114,0.391913838431116,0.6503157746483792,774.5662816406507,0.003263703843238022,7.423324432156394,0.05527582052450151,2888353.557997632,7.6400343098020755,83109.74732267151,0.05559675029462254,24.93984373527335,189097.43012655975,105.82565948693552,1826.6126805929891,113.43228728709644,214479.21286776682,5.313238866081676,0.021550345033529796,0.06409707457256518,89.83866218073634,0.0004613263677327816
29,v3.1.1a3,1.24.4,2.2.1,1.4.1,3.8.4,"{'minimumROIDimensions': 2, 'minimumROISize': None, 'normalize': False, 'normalizeScale': 1, 'removeOutliers': None, 'resampledPixelSpacing': None, 'interpolator': 'sitkBSpline', 'preCrop': False, 'padDistance': 5, 'distances': [1], 'force2D': False, 'force2Ddimension': 0, 'resegmentRange': None, 'label': 1, 'additionalInfo': True, 'binWidth': 25, 'weightingNorm': None}",{'Original': {}},9e61514be62c626ac535715fc1d5099d7152ee32,3D,"(0.68359375, 0.68359375, 1.0000000023474178)","(512, 512, 214)",-566.4060614042193,-1024.0,1287.0,d3a57277c134069c86f313ff36ac768e547aa570,"(0.68359375, 0.68359375, 1.0000000023474178)","(512, 512, 214)","(80, 121, 54, 340, 218, 151)",1909170,3,"(176.1248877784587, 215.25226616802067, 106.71418260291121)","(-75.60212749519424, 119.14510382579539, -174.78584814658598)",0.5416252869196516,0.4395185035102558,85.65793966728769,194.89040616759596,222.5271016109036,146.5835009238273,231.31038805191508,244.3352332095695,891725.9606790044,105.5575721584116,0.5599177632167748,80016.73365452577,0.08973242586051555,892155.9354743897,-721.0,166.0,173767164371.0,3.2842785193782107,62.0,6.60462040929469,331.0,194.36867713544618,18.181791563873308,133.0,-998.0,1329.0,55.87240514785,301.69044551235635,-2.3074974907822514,81201468221.34306,0.18591475407324096,90686.54736897192,1849.2716170382807,41.32357603140409,2182760.0121961515,-31726.35545773578,570.0095664013097,3.4780752012294625,0.9878596582452257,0.8527738583964345,1.641851702383171,2.7267553170395655,0.0779883672729818,5.135873588640868,-0.42785699497952634,0.967619501954889,0.6921101903951814,0.998861244329817,0.7065473285351355,0.9852217340960485,0.4405718940625806,0.21860678924292848,4.1374148581018515,143.37191040063485,145584.3008956726,0.13963877655722431,164.70260347733134,1787.3034578205827,5.679431807953256,10835.63510277,0.01410205424933842,0.0029310196196501606,5.364003319880201,429864.27228884114,0.4085735813865786,0.5451459172149314,2.219334056691088,0.6582332931322712,1138.8690890245086,0.002014339177201281,1677.3883550430635,0.029848892359653063,186.0778955356399,1081.8963449355826,11409077.96163428,23956867814.992153,7728.555897485424,0.003367314207438814,20157.109367214747,0.3586929562106689,0.6214657704318141,619.097856124962,0.0018893853103138017,7.564928487837317,0.029434780559091125,11407923.768742993,7.407958890907893,90772.77021218644,0.04754567179045682,32.39454572080147,354942.87103400956,145.17627553860572,1846.5102107198416,196.9061099849673,380168.0480852936,0.48752013492632823,0.0027527583414522455,0.03381290881294986,42.17821707090815,0.00011183127414768075
30,v3.1.1a3,1.24.4,2.2.1,1.4.1,3.8.4,"{'minimumROIDimensions': 2, 'minimumROISize': None, 'normalize': False, 'normalizeScale': 1, 'removeOutliers': None, 'resampledPixelSpacing': None, 'interpolator': 'sitkBSpline', 'preCrop': False, 'padDistance': 5, 'distances': [1], 'force2D': False, 'force2Ddimension': 0, 'resegmentRange': None, 'label': 1, 'additionalInfo': True, 'binWidth': 25, 'weightingNorm': None}",{'Original': {}},926935f091a1af4fcca97d12bf27927367e80c65,3D,"(0.732421875, 0.732421875, 0.999999999245283)","(512, 512, 266)",-403.1163617184288,-1024.0,1218.0,905a5fbed27ac10d72d9dd0b50d4952bf865a2ac,"(0.732421875, 0.732421875, 0.999999999245283)","(512, 512, 266)","(79, 173, 41, 252, 208, 195)",2341493,1,"(165.9462185024683, 270.6192104781009, 110.91565424282712)","(-91.95735949526248, 133.70742954939033, -172.78435784088282)",0.6831366817003602,0.5265732023989008,97.08393509851422,184.36930450738956,223.26640761888945,176.87658964840443,198.94525042221505,225.2209128948544,1255586.2730204104,125.94943488858137,0.6490223980638185,86720.574392146,0.06906779426915277,1256074.7256335926,-108.0,164.0,74729443737.0,3.8709880949239,174.0,17.077678811834417,353.0,113.70351197922687,41.109204682653335,101.0,-1024.0,1377.0,69.79950378136246,178.64852830704297,-3.290237278793832,40087997503.60273,0.09600255128682805,30225.32995663205,1911.3284820454378,43.190722555167866,614450.771160977,-8570.152655590367,187.65703001433673,4.097374638306013,0.957245187570565,1.2849558372125789,2.0705629198249733,2.408838663032125,0.022296321193138877,6.448917608245973,-0.33210341911114394,0.958424296498905,0.5337223892745018,0.9987301363421786,0.5751004929023014,0.9782210738380182,0.4718218462080578,0.06217637683854235,4.751264479876026,47.9386011631607,150011.06290204928,0.08828195811385325,50.04080996147272,1902.9418424495611,2.527094060720297,4856.742670360439,0.004714084488800843,0.001759594776321657,5.1093343805384706,993957.4392708057,0.5819210742714126,0.7255204264971111,0.6035582350872928,0.7897920770635347,1496.387875771429,0.0013686369903762052,4198.89124000044,0.04620309686506718,126.93302876984606,1611.8756368357926,4735904.917890822,9801155030.190208,2404.030944741065,0.002453736449293575,26801.503724732887,0.29491415755821354,0.5589924025798401,848.0786445154118,0.001234550328941061,7.567039747277477,0.038812415838954034,4735241.085180542,7.576799313001071,173866.70076613512,0.07425463188065697,14.098003106430875,224789.3018202489,48.44220077446042,1911.6180086807863,80.30012944732272,155288.95873274017,0.16114900267671306,0.0017972285697206226,0.05181222620137647,88.78871784773027,0.00010130352664371046
5,v3.1.1a3,1.24.4,2.2.1,1.4.1,3.8.4,"{'minimumROIDimensions': 2, 'minimumROISize': None, 'normalize': False, 'normalizeScale': 1, 'removeOutliers': None, 'resampledPixelSpacing': None, 'interpolator': 'sitkBSpline', 'preCrop': False, 'padDistance': 5, 'distances': [1], 'force2D': False, 'force2Ddimension': 0, 'resegmentRange': None, 'label': 1, 'additionalInfo': True, 'binWidth': 25, 'weightingNorm': None}",{'Original': {}},2068524c70ca61438699c091c3fedfdf04bda109,3D,"(0.755859375, 0.755859375, 1.6000002127659578)","(512, 512, 95)",-445.32305924265006,-1000.0,1399.0,eb7e3d08c46b752a694dd1197edb111453d19637,"(0.755859375, 0.755859375, 1.6000002127659578)","(512, 512, 95)","(68, 130, 0, 259, 248, 95)",1803477,1,"(161.18072423435396, 242.2481218224574, 41.90404701584772)","(-49.67003851817387, 56.6055139556465, 1599.646464141111)",0.6433377025230228,0.48722784070022385,101.41163322881832,208.1400625281874,223.68306379477647,177.79714740334947,232.54563699556923,237.9277315736893,1648019.8397545544,133.9043496298824,0.619974638763923,108830.80060586112,0.06603731216128422,1648589.9824903018,-92.0,153.0,54930823700.0,3.674193062844251,78.0,20.71565873129076,806.0,94.7515924984903,52.98368762118951,98.0,-1000.0,1806.0,42.7786148737467,174.5230329101622,-3.8426134173495154,50213230155.83834,0.12120870706443024,27651.01786222176,1862.6898385350048,42.69254547544225,606065.9499460481,-8543.561777941026,166.14222789712633,5.99862062951829,0.9301615977012362,1.6071169970833343,2.3389740165726005,3.379442393540472,0.02544522280051757,6.476866387500589,-0.2302368371038053,0.899306291432789,0.4681122880651022,0.9988992453675802,0.5229077849667836,0.9790039742316327,0.4379169554097523,0.07187087303339867,4.455773277183058,43.03521213166115,153017.18014014018,0.10898873493244922,46.26123815026399,1853.3672692684659,2.0763727921478585,3896.1064927926714,0.0032485310441746967,0.0015369958633833917,4.739139130167842,914469.8968646922,0.6501510481464841,0.778384881409206,0.4193072102420867,0.8335612979715814,1538.8353144108926,0.0012855796837506121,8147.511420307603,0.06564168368211344,91.16973882383118,1698.21254259956,2654160.422966299,5306678852.681642,1368.85999209688,0.0018995221820860208,45152.94568203608,0.36378167821751417,0.6256972375004176,1045.0462238351984,0.0011106035216385786,6.871739854345116,0.0688231676921857,2653949.3023308613,7.134754020397645,148372.11426982435,0.08227003408960822,11.845913150598385,218597.11539043748,44.32457001685014,1862.4367042108106,57.570463610015544,109560.30368227596,0.09168094397478083,0.0015390658767482552,0.08435018324787101,147.12228703267246,0.00014139023752271512
6,v3.1.1a3,1.24.4,2.2.1,1.4.1,3.8.4,"{'minimumROIDimensions': 2, 'minimumROISize': None, 'normalize': False, 'normalizeScale': 1, 'removeOutliers': None, 'resampledPixelSpacing': None, 'interpolator': 'sitkBSpline', 'preCrop': False, 'padDistance': 5, 'distances': [1], 'force2D': False, 'force2Ddimension': 0, 'resegmentRange': None, 'label': 1, 'additionalInfo': True, 'binWidth': 25, 'weightingNorm': None}",{'Original': {}},29419f1656600f3a1cbc4e0f17089e7df2d219dd,3D,"(0.649549, 0.649549, 1.5)","(512, 512, 88)",-458.33576107025146,-1200.0,1372.0,6ee08495f3e1b457539acf5c3e1b691a19c5cc2a,"(0.649549, 0.649549, 1.5)","(512, 512, 88)","(59, 112, 6, 369, 240, 82)",2101121,2,"(176.36067223163255, 214.37040227573758, 44.17868128489506)","(-54.732401712615285, -27.040419572196924, -104.7319780726574)",0.5735857443125897,0.44614886254130465,97.82267201112788,219.26016230080918,244.6340538171199,160.87357358214373,238.72671072964056,245.9547992323107,1329336.3182099003,125.76450339140885,0.5720565792822768,102204.11603862916,0.07688356560983635,1329738.243941719,-512.0,176.0,158699514522.0,3.423175329023487,59.0,7.22636688075279,314.0,174.86952331730623,37.741928237355204,140.0,-1068.0,1382.0,47.625365041372625,274.82881633710844,-2.4022161994919107,100436297459.73108,0.16818064767277316,74106.42514218236,2150.063271506028,45.12445538009866,1569309.646956176,-24101.372524938524,460.7218349658419,5.340419905025888,0.9770088193502069,1.202147298217886,1.9718209890189031,3.8355906350923443,0.05282725291559661,5.689968596365289,-0.3275869492183791,0.9410915904299364,0.5932062283525494,0.9983710010873261,0.6218595643737311,0.9799857300529194,0.47726987991386,0.11594371232980263,4.246579057103816,116.51556371771693,195963.9990284685,0.1399636823737491,133.47807288948323,2092.453984369738,3.2150056868593566,7114.831254193126,0.003203616205745376,0.0011811602276817303,4.9968288883463154,732814.9330139759,0.5197133987335817,0.6663969083463248,0.9253755832259081,0.7464159731644373,1526.220447409732,0.0009337707510481424,3601.411956461683,0.03979680597228226,175.07109631566658,1499.2235372120006,7501700.95007459,18260314359.329742,3270.2257636412146,0.0016053826090082907,28594.271517763413,0.31597625855310696,0.5800116005420147,826.0496729390069,0.0009072237137077789,7.602818533941063,0.043069866038176766,7501161.8703993345,7.246076832204451,127919.11741161028,0.06088136638090347,20.127082731911166,353367.89061886485,118.65679878859574,2146.3600292415335,113.70717488426416,259919.08034758587,0.09844476023073237,0.001099168543464108,0.04915879733186566,80.44875150484575,7.541027106313804e-05
8,v3.1.1a3,1.24.4,2.2.1,1.4.1,3.8.4,"{'minimumROIDimensions': 2, 'minimumROISize': None, 'normalize': False, 'normalizeScale': 1, 'removeOutliers': None, 'resampledPixelSpacing': None, 'interpolator': 'sitkBSpline', 'preCrop': False, 'padDistance': 5, 'distances': [1], 'force2D': False, 'force2Ddimension': 0, 'resegmentRange': None, 'label': 1, 'additionalInfo': True, 'binWidth': 25, 'weightingNorm': None}",{'Original': {}},457fcbd89aa192068a1ed2cca8875fc1c8fb4f25,3D,"(0.734375, 0.734375, 1.599999590163934)","(512, 512, 123)",-525.6254005742267,-1000.0,1362.0,7ab638e2096a7ad0ad6c039c4876cd325c6ade1c,"(0.734375, 0.734375, 1.599999590163934)","(512, 512, 123)","(67, 110, 10, 378, 236, 96)",1529896,1,"(197.01326430031844, 205.53183680459324, 43.164464120436946)","(-31.318384029453654, 55.937442653373154, 1553.363174902345)",0.4855090046966255,0.3121678690956588,84.17960521453116,269.66133785132024,281.7634024100841,162.6636049156188,251.97732199700283,282.34554077002633,1319788.4639735008,130.92300774535497,0.5084807211903861,114431.5687166128,0.08670447714938537,1320132.5774761993,-109.0,148.0,48771749338.0,4.01554744521576,184.0,16.426969519758085,334.0,115.10163685254237,15.40505498412964,67.0,-1000.0,1334.0,72.73476097624479,178.5472690881859,-3.200540983747361,42084674488.7215,0.08260360607209014,31641.811579784997,1741.5356427697698,41.1689949529759,621379.9241594495,-8623.345264269676,193.3425278210562,6.745652469736769,0.9325221283659478,1.4878748727806097,2.2489883990908783,4.470409284256511,0.019002711057194355,6.723422308851676,-0.3239544836603486,0.9596827347057183,0.5211881171946973,0.9978012732115509,0.5643375260531213,0.9744131372331496,0.454786933271346,0.054053662162645365,4.921484857598418,50.022045072698226,84249.81790056033,0.07514683569223278,54.53973114714223,1723.8508186998226,2.486971266322298,4396.6161824055835,0.0141462146471413,0.004359194603574657,5.231473329630789,673677.0766191435,0.5985567284005928,0.7328474011908703,0.609234644736173,0.8012328004743292,1368.1793885485267,0.0033040948112727795,3179.506425240305,0.03625393581875127,131.7697120655617,1376.6265036886693,1520421.6040866124,2860462883.2517304,881.2023089076537,0.003690677787718144,31478.406460587677,0.35892870617880845,0.6211426036715848,822.224838276718,0.0020596672862513363,7.437311537843045,0.057324811621182095,1520117.2951352247,7.755314195709897,103920.90222734095,0.06792677556339839,17.236386959065783,126374.9265152664,50.67807229348227,1742.8677204202115,80.37478756725947,145012.01374864698,0.5316310026686809,0.004735145837672673,0.07012448064384134,104.23755355790517,0.0002520394785689556
